day,temperatureMax,temperatureMin,daylight
2011-11-11,11.96,8.85,32827
2011-12-11,8.59,2.48,28551
2011-12-27,10.33,8.03,28250
2011-12-02,8.07,2.56,29408
2011-12-24,8.22,3.17,28180
2011-12-15,7.97,4.08,28322
2011-11-19,13.19,7.48,31339
2011-11-16,8.32,5.19,31875
2011-12-12,9.82,3.09,28485
2011-11-20,9.71,4.76,31167
2011-11-08,11.31,9.37,33426
2011-12-04,9.11,4.69,29179
2011-12-16,4.68,1.8,28281
2011-11-01,15.57,9.68,34894
2011-12-26,12.91,9.82,28221
2011-11-28,12.58,1.31,29926
2011-12-09,7.68,2.03,28702
2011-12-05,6.87,2.81,29073
2011-11-24,12.93,8.56,30514
2011-11-17,14.44,8.54,31693
2011-12-13,12.08,4.54,28424
2011-12-22,12.14,8.08,28166
2011-12-06,6.91,2.68,28972
2011-12-07,9.02,4.91,28876
2011-11-21,10.69,7.1,30999
2011-12-08,12.89,4.27,28786
2011-11-06,11.85,9.46,33837
2011-11-25,13.03,7.46,30360
2011-12-01,12.15,6.08,29530
2011-12-25,11.98,8.67,28197
2011-12-30,10.27,5.33,28379
2011-11-04,15.54,11.53,34255
2011-11-10,13.71,10.26,33023
2011-11-09,15.0,10.1,33223
2011-11-03,17.41,12.79,34466
2011-11-07,12.78,10.17,33630
2011-11-23,10.36,3.81,30672
2011-11-18,14.64,8.64,31514
2011-12-21,12.14,5.93,28169
2011-12-19,6.64,-0.84,28195
2011-12-28,11.19,5.95,28287
2011-12-31,12.57,10.66,28433
2011-12-18,5.49,-0.56,28216
2011-11-15,11.36,5.88,32060
2011-12-23,11.44,5.28,28170
2011-11-26,12.96,7.01,30211
2011-11-05,13.94,10.17,34045
2011-11-12,15.26,11.56,32631
2011-12-10,6.08,-0.13,28624
2011-11-29,13.47,6.37,29789
2011-11-13,15.32,10.23,32438
2011-11-22,12.93,9.19,30833
2011-12-14,5.92,4.14,28370
2011-12-03,11.42,8.12,29291
2011-12-17,5.35,0.24,28245
2011-12-29,9.58,5.31,28329
2011-11-27,13.54,4.47,30066
2011-11-30,11.87,6.34,29657
2011-11-14,10.18,8.16,32248
2011-12-20,8.26,5.66,28179
2011-11-02,15.19,8.88,34679
2012-11-25,12.54,7.46,30250
2012-05-19,16.42,10.59,56949
2012-07-14,16.44,13.13,58343
2012-09-23,12.31,8.85,43687
2012-05-26,24.64,15.06,58017
2012-01-06,9.18,4.4,28893
2012-11-20,13.46,10.88,31042
2012-05-03,9.19,7.99,53936
2012-04-19,9.93,6.47,50892
2012-05-05,9.71,6.21,54346
2012-04-14,11.62,5.67,49752
2012-11-01,11.46,4.2,34735
2012-05-25,24.14,15.81,57877
2012-02-05,1.81,-0.12,33714
2012-04-09,10.81,8.31,48594
2012-08-14,23.97,17.62,52819
2012-01-11,11.19,7.1,29433
2012-08-17,27.23,17.92,52174
2012-07-11,18.75,12.07,58704
2012-02-24,14.43,9.55,37938
2012-02-09,1.79,-0.96,34561
2012-08-28,22.5,14.97,49727
2012-11-06,9.67,0.92,33684
2012-04-21,12.45,3.78,51341
2012-03-26,18.18,3.84,45291
2012-03-15,16.79,2.82,42668
2012-09-03,24.34,15.69,48355
2012-06-23,18.12,11.01,59888
2012-10-02,16.44,10.87,41571
2012-08-03,21.77,13.09,55062
2012-01-29,4.5,1.87,32311
2012-04-16,10.94,1.96,50210
2012-09-09,27.78,11.32,46966
2012-01-31,2.13,-0.54,32699
2012-12-07,6.33,2.97,28809
2012-12-16,9.82,5.32,28254
2012-07-22,22.86,12.24,57192
2012-05-17,14.06,7.11,56611
2012-03-31,11.09,6.58,46478
2012-09-28,17.07,9.03,42511
2012-03-19,13.27,1.69,43622
2012-10-14,12.32,2.81,38773
2012-06-04,13.89,7.64,59082
2012-11-13,14.66,10.06,32297
2012-04-18,10.01,6.27,50666
2012-04-30,17.15,8.68,53307
2012-11-03,9.45,3.22,34309
2012-04-28,10.03,6.46,52880
2012-09-10,20.21,16.93,46733
2012-02-01,3.36,-0.92,32897
2012-07-01,17.88,11.01,59586
2012-02-27,11.15,6.27,38638
2012-01-08,9.62,8.12,29093
2012-03-04,9.32,3.92,40051
2012-03-20,14.48,4.33,43861
2012-07-12,18.67,10.04,58589
2012-06-14,18.08,8.7,59770
2012-07-30,19.69,9.86,55817
2012-12-21,9.69,6.3,28167
2012-10-30,10.92,5.57,35166
2012-03-03,14.29,7.06,39814
2012-03-27,18.26,5.32,45529
2012-08-02,21.29,15.61,55254
2012-01-05,11.46,7.34,28802
2012-04-26,13.89,9.23,52447
2012-07-07,18.65,13.42,59120
2012-10-13,11.53,6.41,39003
2012-10-06,14.89,7.61,40634
2012-12-13,1.58,-1.35,28384
2012-05-11,15.88,9.37,55525
2012-02-04,0.79,-3.27,33507
2012-03-18,9.76,3.98,43384
2012-01-21,12.35,7.61,30877
2012-09-18,17.19,10.97,44861
2012-03-02,8.39,5.69,39578
2012-01-02,7.57,4.69,28562
2012-04-25,11.94,6.55,52228
2012-09-08,27.12,10.41,47198
2012-09-24,15.2,11.51,43451
2012-02-12,4.84,-4.46,35215
2012-05-15,11.27,5.92,56261
2012-06-30,20.13,13.61,59645
2012-09-14,20.69,13.61,45799
2012-11-29,5.84,1.63,29691
2012-05-10,17.12,14.44,55335
2012-09-29,15.83,8.71,42276
2012-03-28,21.14,4.88,45766
2012-11-17,12.44,8.18,31561
2012-05-12,14.44,5.69,55713
2012-01-19,11.51,6.91,30554
2012-03-06,7.22,3.74,40524
2012-05-14,11.41,6.94,56081
2012-07-29,17.92,10.97,55999
2012-06-26,22.92,14.04,59820
2012-11-14,12.62,7.33,32109
2012-11-18,9.42,2.07,31384
2012-06-09,17.92,11.02,59496
2012-11-26,10.69,7.17,30104
2012-06-28,27.16,16.23,59744
2012-04-23,9.67,6.89,51787
2012-04-12,12.13,3.68,49290
2012-09-22,15.62,6.59,43922
2012-04-08,13.08,6.52,48360
2012-12-02,4.76,-1.55,29321
2012-11-04,8.67,2.96,34099
2012-12-29,11.97,7.28,28365
2012-05-29,22.37,14.25,58414
2012-06-13,17.51,7.54,59727
2012-09-25,15.47,9.74,43216
2012-12-26,10.18,4.83,28242
2012-05-16,13.46,3.89,56438
2012-03-10,15.39,8.74,41476
2012-08-21,22.09,16.27,51297
2012-06-22,17.53,11.44,59900
2012-10-10,14.13,7.04,39700
2012-05-21,16.22,9.32,57273
2012-01-15,6.27,1.16,29957
2012-04-04,10.18,3.57,47423
2012-11-23,10.7,5.12,30555
2012-02-07,2.63,-2.83,34133
2012-01-16,6.56,0.83,30099
2012-10-22,14.73,12.02,36942
2012-01-23,8.4,3.46,31215
2012-08-23,22.04,12.96,50853
2012-10-01,16.24,12.37,41807
2012-08-01,22.57,13.69,55445
2012-11-15,9.07,6.45,31923
2012-06-11,13.28,10.97,59623
2012-02-22,10.47,7.48,37475
2012-02-21,11.65,5.72,37245
2012-06-29,20.96,13.96,59697
2012-03-24,18.83,6.42,44814
2012-02-10,1.21,-2.96,34778
2012-08-27,20.99,12.62,49954
2012-08-19,28.88,17.97,51738
2012-11-21,11.87,6.06,30876
2012-06-19,20.35,10.1,59897
2012-03-05,9.37,4.04,40287
2012-10-08,12.22,9.51,40167
2012-01-07,10.34,7.6,28990
2012-04-15,9.12,3.3,49981
2012-02-16,10.61,5.47,36107
2012-08-06,20.95,14.77,54473
2012-08-15,22.57,17.38,52605
2012-09-30,16.46,6.42,42041
2012-12-10,5.59,1.55,28569
2012-01-18,11.92,4.51,30397
2012-06-12,12.87,10.46,59678
2012-10-03,14.34,9.35,41337
2012-09-27,16.61,10.57,42747
2012-10-19,13.21,11.98,37623
2012-11-09,11.27,8.13,33076
2012-12-11,2.7,-2.49,28501
2012-08-11,22.91,15.21,53451
2012-04-13,12.02,3.97,49522
2012-11-10,10.31,5.2,32877
2012-12-15,11.17,6.91,28290
2012-05-01,17.24,11.28,53518
2012-04-03,12.92,5.04,47187
2012-07-21,19.89,11.83,57349
2012-08-24,20.27,14.07,50630
2012-05-07,14.48,5.2,54748
2012-07-28,21.09,14.93,56179
2012-10-15,13.03,4.09,38542
2012-07-02,17.58,12.47,59522
2012-02-20,8.44,-1.9,37015
2012-11-22,13.09,6.56,30713
2012-10-28,9.17,1.43,35604
2012-12-31,9.24,4.22,28479
2012-01-04,9.33,5.27,28716
2012-10-25,13.61,10.09,36268
2012-10-23,14.05,12.46,36717
2012-04-06,12.28,0.34,47892
2012-11-24,9.91,3.64,30401
2012-02-26,12.67,3.26,38404
2012-09-02,18.35,12.57,48586
2012-03-21,15.62,7.44,44099
2012-08-18,29.86,20.54,51956
2012-04-29,14.89,5.99,53094
2012-01-10,11.29,9.16,29314
2012-12-08,6.46,3.17,28723
2012-05-24,25.45,15.36,57731
2012-05-04,9.02,7.38,54142
2012-07-27,23.79,15.93,56356
2012-06-10,17.22,8.91,59562
2012-06-07,17.29,12.6,59347
2012-06-20,21.16,11.47,59903
2012-02-17,11.83,7.13,36332
2012-03-13,10.89,6.36,42191
2012-07-06,18.7,14.78,59211
2012-12-17,9.1,5.62,28223
2012-12-23,13.08,9.34,28177
2012-02-29,12.74,9.61,39107
2012-07-03,18.81,15.43,59453
2012-11-12,12.18,4.52,32487
2012-07-26,26.44,15.93,56528
2012-05-20,12.18,9.06,57113
2012-07-23,27.18,12.47,57031
2012-01-27,8.68,2.93,31933
2012-06-24,19.88,11.65,59872
2012-06-02,17.54,11.83,58879
2012-01-26,9.54,3.15,31749
2012-08-16,21.67,16.02,52390
2012-02-11,1.93,-5.64,34995
2012-06-03,12.19,10.97,58983
2012-08-10,24.99,14.5,53659
2012-02-15,10.61,6.93,35882
2012-07-09,18.0,14.38,58922
2012-06-17,19.44,12.46,59864
2012-04-20,12.46,5.34,51117
2012-11-08,12.34,7.81,33276
2012-09-04,24.79,13.71,48124
2012-10-16,14.74,9.06,38311
2012-07-10,17.46,13.28,58816
2012-07-20,17.77,13.12,57503
2012-08-08,22.8,15.03,54070
2012-01-14,6.01,-1.79,29819
2012-10-05,15.6,9.16,40869
2012-12-06,4.84,-2.82,28900
2012-03-14,12.41,5.03,42429
2012-01-03,12.41,5.96,28637
2012-09-19,16.3,7.35,44627
2012-01-20,10.05,4.91,30713
2012-03-30,17.12,7.81,46241
2012-07-18,18.52,14.91,57799
2012-03-09,10.86,6.74,41238
2012-11-27,8.47,6.42,29961
2012-06-15,17.59,12.91,59807
2012-10-20,14.01,9.57,37395
2012-01-09,12.33,7.74,29200
2012-09-05,19.97,12.07,47894
2012-09-11,17.82,11.73,46500
2012-12-25,9.14,6.46,28214
2012-10-29,12.4,7.66,35385
2012-03-01,15.11,6.49,39343
2012-02-06,4.08,1.39,33923
2012-11-02,9.78,4.61,34521
2012-04-17,13.77,5.16,50438
2012-06-18,18.87,11.17,59883
2012-10-09,14.23,9.07,39933
2012-12-24,12.3,7.57,28192
2012-12-27,7.97,6.42,28277
2012-10-24,16.18,13.08,36492
2012-12-12,1.8,-3.83,28439
2012-07-05,22.33,15.2,59297
2012-10-31,12.36,6.45,34951
2012-09-17,18.72,13.29,45097
2012-09-20,17.38,9.07,44392
2012-03-07,10.75,5.14,40762
2012-09-01,20.53,13.11,48815
2012-10-12,14.72,8.51,39236
2012-08-12,25.13,16.03,53242
2012-08-09,25.92,13.33,53865
2012-08-20,24.54,16.96,51518
2012-04-10,12.9,5.94,48827
2012-03-12,13.86,5.43,41952
2012-03-17,10.75,7.37,43145
2012-05-13,16.26,5.49,55898
2012-12-18,7.96,4.66,28200
2012-08-26,21.01,14.26,50180
2012-06-06,18.13,12.52,59263
2012-02-03,1.54,-2.19,33301
2012-12-03,10.22,2.94,29207
2012-01-28,6.46,3.27,32121
2012-12-22,13.07,6.04,28169
2012-12-30,10.9,5.44,28419
2012-04-24,12.48,6.99,52008
2012-07-08,18.77,14.28,59023
2012-09-16,18.31,12.98,45331
2012-09-15,21.12,9.69,45565
2012-12-28,12.34,5.45,28318
2012-11-30,4.37,-0.89,29562
2012-02-23,16.98,10.34,37706
2012-01-25,9.76,8.59,31568
2012-12-05,3.89,-0.77,28998
2012-01-24,9.77,1.94,31390
2012-01-12,12.4,5.08,29556
2012-04-01,12.88,2.43,46715
2012-10-18,16.04,12.15,37852
2012-09-26,15.14,10.07,42981
2012-08-13,22.68,15.26,53031
2012-05-30,24.11,12.5,58538
2012-05-23,25.37,13.47,57583
2012-09-21,16.32,10.34,44158
2012-05-31,19.54,13.7,58656
2012-12-04,7.73,1.21,29100
2012-06-01,20.08,13.98,58770
2012-03-11,15.55,6.82,41714
2012-08-05,20.69,12.98,54671
2012-10-26,10.11,4.19,36046
2012-12-01,5.73,-1.35,29439
2012-07-31,20.19,11.52,55631
2012-07-04,21.44,15.95,59377
2012-04-07,10.48,6.86,48126
2012-05-06,8.37,5.72,54548
2012-08-04,21.04,14.36,54867
2012-04-11,12.91,3.57,49059
2012-08-31,17.72,7.78,49043
2012-03-22,15.81,6.14,44338
2012-07-13,19.26,14.21,58468
2012-02-19,6.35,0.62,36787
2012-06-16,17.47,12.57,59838
2012-04-27,14.84,9.28,52664
2012-10-17,16.6,8.8,38082
2012-04-02,15.04,3.98,46951
2012-05-09,15.18,10.78,55142
2012-01-22,11.8,6.0,31044
2012-08-22,21.48,13.16,51076
2012-10-21,12.41,10.19,37168
2012-07-15,18.26,12.44,58213
2012-11-05,9.19,2.94,33891
2012-06-21,19.08,11.52,59905
2012-09-07,25.76,11.46,47431
2012-12-20,9.57,6.53,28171
2012-02-25,12.11,6.97,38170
2012-03-25,13.79,4.4,45054
2012-10-04,14.99,7.19,41102
2012-02-28,13.86,9.73,38872
2012-03-08,12.03,3.26,41000
2012-09-06,20.76,8.67,47662
2012-01-13,6.41,1.2,29684
2012-12-09,8.66,3.86,28644
2012-05-18,15.77,9.11,56782
2012-08-07,19.32,11.49,54272
2012-02-08,0.73,-2.1,34347
2012-02-02,1.41,-1.76,33098
2012-12-19,7.44,3.07,28182
2012-03-29,19.16,6.89,46003
2012-02-14,8.42,4.54,35659
2012-06-08,15.17,12.28,59424
2012-07-25,29.37,15.74,56699
2012-08-30,16.92,11.25,49272
2012-05-02,13.81,9.73,53728
2012-05-22,24.43,11.44,57430
2012-04-22,14.03,4.76,51565
2012-11-16,9.19,5.91,31740
2012-02-13,6.58,1.09,35436
2012-02-18,10.76,3.2,36559
2012-06-25,21.15,12.11,59848
2012-06-27,22.66,17.56,59785
2012-08-25,20.93,15.04,50405
2012-03-16,9.75,8.5,42906
2012-08-29,19.69,13.66,49501
2012-11-07,9.93,4.97,33478
2012-03-23,19.48,6.74,44576
2012-12-14,10.34,1.93,28334
2012-01-30,3.98,1.24,32504
2012-09-12,17.92,8.24,46266
2012-06-05,15.0,7.54,59176
2012-10-07,13.64,5.27,40401
2012-05-27,25.98,13.55,58155
2012-10-11,14.88,9.15,39467
2012-04-05,8.92,4.61,47657
2012-07-16,17.06,13.05,58080
2012-01-01,12.59,7.71,28495
2012-11-19,11.23,3.49,31212
2012-07-17,22.44,13.92,57941
2012-11-28,6.89,3.45,29824
2012-07-19,20.18,13.77,57653
2012-11-11,9.87,2.1,32682
2012-10-27,7.68,2.49,35824
2012-05-08,17.24,10.43,54946
2012-05-28,25.58,13.89,58286
2012-07-24,28.32,14.21,56867
2012-01-17,5.79,-1.45,30247
2012-09-13,17.64,8.62,46032
2013-09-24,21.47,11.53,43513
2013-07-26,26.19,15.26,56574
2013-07-09,25.61,12.01,58949
2013-08-08,23.81,11.83,54122
2013-01-11,5.7,0.89,29524
2013-02-28,7.26,2.41,39046
2013-05-14,10.94,7.36,56034
2013-01-01,7.49,3.31,28544
2013-09-20,18.41,9.84,44453
2013-09-06,18.32,13.26,47723
2013-08-22,21.13,16.54,51134
2013-09-05,28.49,15.46,47954
2013-07-21,26.03,16.84,57390
2013-12-14,11.33,3.79,28346
2013-06-23,16.51,12.62,59892
2013-12-12,8.98,1.52,28455
2013-08-21,25.57,12.72,51355
2013-05-23,10.26,6.27,57544
2013-11-09,7.06,3.28,33127
2013-02-24,2.35,0.85,38110
2013-12-22,10.07,4.81,28168
2013-06-28,20.16,12.56,59754
2013-04-04,2.91,0.98,47362
2013-01-04,10.79,8.17,28779
2013-09-23,19.64,13.03,43748
2013-07-11,21.69,11.99,58734
2013-05-11,13.18,7.06,55476
2013-12-04,8.91,2.35,29128
2013-03-15,8.27,2.99,42606
2013-03-22,5.01,2.59,44276
2013-11-19,6.78,0.6,31256
2013-07-05,24.62,12.63,59318
2013-10-24,16.91,6.83,36550
2013-12-13,11.73,8.15,28398
2013-07-20,22.49,16.34,57543
2013-08-30,24.03,15.34,49332
2013-12-25,7.19,3.74,28207
2013-09-30,18.81,13.21,42102
2013-09-19,15.84,8.33,44688
2013-07-10,23.19,13.36,58844
2013-09-25,20.87,13.67,43277
2013-12-07,8.72,6.55,28833
2013-09-14,13.85,9.3,45860
2013-01-18,1.33,-1.93,30512
2013-06-06,20.88,8.73,59241
2013-11-12,13.11,6.08,32538
2013-03-05,16.06,1.87,40226
2013-03-19,7.72,2.81,43561
2013-04-15,15.43,10.08,49922
2013-08-28,23.38,12.45,49786
2013-01-27,10.26,4.72,32071
2013-06-10,14.56,10.61,59546
2013-09-04,27.04,14.09,48185
2013-04-21,14.12,1.46,51283
2013-02-07,5.53,1.24,34291
2013-11-16,9.14,1.38,31788
2013-03-16,7.51,5.79,42845
2013-09-12,18.02,12.58,46327
2013-11-15,9.25,3.33,31971
2013-11-18,9.3,7.37,31430
2013-04-01,5.88,1.1,46653
2013-04-30,13.71,5.94,53252
2013-12-16,12.89,7.95,28263
2013-03-17,7.3,2.36,43083
2013-05-26,18.82,6.24,57981
2013-12-21,11.95,9.41,28166
2013-10-13,11.47,8.87,39064
2013-09-07,17.7,11.39,47491
2013-06-05,19.64,8.96,59151
2013-02-22,1.36,0.2,37646
2013-01-09,9.21,1.77,29284
2013-01-13,3.48,1.04,29783
2013-11-10,9.22,2.58,32929
2013-12-01,9.42,2.43,29471
2013-06-16,17.34,11.46,59831
2013-07-24,26.24,15.59,56910
2013-09-13,18.09,14.78,46093
2013-03-03,7.83,-1.14,39753
2013-05-31,21.68,11.27,58626
2013-05-12,14.81,6.04,55665
2013-06-12,16.96,14.16,59664
2013-04-28,11.59,1.61,52824
2013-06-22,17.54,12.01,59902
2013-09-28,18.36,12.43,42572
2013-08-06,22.11,12.23,54524
2013-02-26,4.93,2.98,38578
2013-05-01,16.32,4.42,53463
2013-04-06,9.87,0.64,47831
2013-12-15,12.54,8.11,28301
2013-02-19,10.12,-1.43,36956
2013-03-29,5.31,-0.52,45942
2013-06-04,20.07,7.64,59056
2013-07-18,27.56,17.5,57836
2013-08-04,22.98,14.79,54919
2013-05-18,14.56,9.12,56738
2013-08-18,22.42,15.92,52013
2013-01-15,2.38,-0.83,30062
2013-06-03,18.66,7.24,58957
2013-03-02,4.69,0.63,39517
2013-03-07,9.63,7.43,40700
2013-04-05,7.34,1.88,47597
2013-05-28,12.13,9.78,58252
2013-04-19,11.95,6.17,50833
2013-05-16,15.13,4.17,56393
2013-10-17,17.29,11.82,38141
2013-04-29,13.41,7.98,53039
2013-02-20,4.88,1.83,37185
2013-04-24,19.35,9.45,51950
2013-04-09,8.81,3.45,48534
2013-11-08,11.0,5.29,33329
2013-08-17,20.22,14.12,52230
2013-12-09,11.01,5.06,28664
2013-05-25,14.87,5.64,57840
2013-01-23,2.82,1.38,31345
2013-11-01,13.97,11.48,34791
2013-03-14,6.56,-0.91,42367
2013-05-06,20.99,10.48,54496
2013-05-27,17.28,6.32,58119
2013-10-27,15.87,11.66,35882
2013-05-13,14.06,7.45,55851
2013-08-07,21.49,14.97,54324
2013-10-05,17.94,13.67,40929
2013-09-22,18.84,14.25,43983
2013-01-10,3.43,1.16,29401
2013-10-11,13.16,8.66,39529
2013-03-26,1.75,0.77,45230
2013-01-03,11.41,9.65,28695
2013-10-29,12.38,6.86,35441
2013-10-10,11.82,7.6,39761
2013-02-08,5.59,0.81,34506
2013-04-11,11.3,5.93,48999
2013-10-28,16.06,9.0,35660
2013-07-31,23.56,16.49,55680
2013-05-02,16.96,5.43,53673
2013-04-20,13.14,2.88,51059
2013-08-20,23.53,12.16,51575
2013-10-22,18.03,13.79,37001
2013-08-26,24.32,16.37,50239
2013-07-14,27.83,17.28,58375
2013-12-17,7.4,4.61,28231
2013-10-23,16.53,9.99,36775
2013-11-05,12.39,4.41,33944
2013-02-18,7.65,1.16,36728
2013-10-25,18.47,13.16,36326
2013-07-27,27.28,14.82,56400
2013-06-11,16.96,8.16,59608
2013-02-13,3.09,0.6,35600
2013-02-02,5.56,1.48,33248
2013-06-15,16.27,11.01,59798
2013-10-20,17.04,12.16,37454
2013-02-10,4.73,1.06,34939
2013-01-29,13.09,9.76,32453
2013-05-10,17.17,10.2,55284
2013-05-21,16.22,12.01,57232
2013-04-02,7.71,0.04,46890
2013-08-27,22.78,12.82,50013
2013-02-03,9.12,0.11,33453
2013-07-01,19.78,13.89,59601
2013-03-01,6.62,2.58,39281
2013-02-15,9.76,2.27,36048
2013-09-16,14.08,8.24,45391
2013-10-31,13.11,11.61,35006
2013-07-12,23.92,12.01,58619
2013-10-04,20.82,15.23,41164
2013-01-24,2.23,-0.11,31522
2013-08-14,22.04,11.04,52873
2013-08-24,19.51,14.94,50688
2013-10-26,16.66,14.34,36103
2013-04-22,14.32,6.91,51507
2013-07-08,25.18,14.99,59049
2013-07-02,17.5,11.84,59539
2013-12-26,7.64,2.87,28234
2013-11-26,7.23,2.93,30140
2013-10-03,18.45,14.03,41398
2013-11-27,10.32,5.78,29997
2013-04-18,14.11,8.48,50607
2013-10-14,11.34,8.62,38832
2013-06-24,16.1,10.62,59876
2013-06-30,25.17,14.92,59659
2013-11-22,7.89,3.52,30755
2013-08-31,19.87,14.22,49103
2013-06-29,21.19,13.42,59709
2013-09-11,16.49,12.47,46561
2013-06-26,20.61,10.14,59828
2013-11-13,9.94,2.11,32346
2013-03-25,1.81,0.71,44992
2013-01-12,4.53,1.75,29651
2013-01-20,0.08,-1.45,30834
2013-04-25,22.08,11.38,52171
2013-08-11,22.76,15.42,53505
2013-11-11,12.63,2.53,32732
2013-01-14,2.94,-0.41,29920
2013-09-02,24.94,11.88,48644
2013-02-12,2.24,1.14,35379
2013-04-14,19.88,11.49,49692
2013-02-04,10.2,6.48,33659
2013-01-02,10.82,3.31,28617
2013-12-20,10.42,2.63,28173
2013-05-15,13.64,7.0,56215
2013-05-17,11.3,7.2,56567
2013-09-21,18.18,10.33,44218
2013-06-21,20.38,14.11,59905
2013-06-08,17.06,9.16,59405
2013-07-23,27.13,19.29,57074
2013-02-21,2.28,0.86,37415
2013-10-30,13.57,4.47,35223
2013-05-04,16.31,8.05,54089
2013-12-18,10.29,5.01,28205
2013-05-22,14.02,9.58,57390
2013-12-19,9.7,3.68,28186
2013-03-12,3.86,-1.89,41890
2013-10-07,18.57,10.37,40461
2013-08-16,21.66,16.98,52446
2013-10-21,17.53,13.26,37227
2013-04-27,10.36,4.02,52608
2013-06-13,17.59,12.96,59715
2013-10-02,19.02,13.62,41633
2013-08-02,24.64,17.41,55304
2013-05-08,16.81,11.33,54895
2013-10-12,14.17,8.46,39296
2013-05-05,17.79,6.87,54293
2013-09-17,13.7,8.19,45157
2013-01-19,0.85,-0.65,30672
2013-03-08,9.61,8.02,40938
2013-08-29,23.19,14.16,49559
2013-06-17,20.4,12.87,59858
2013-02-01,8.03,4.16,33046
2013-10-08,19.62,13.36,40227
2013-06-20,20.19,16.22,59903
2013-04-26,13.28,7.05,52390
2013-10-19,17.52,13.21,37683
2013-12-06,7.85,2.73,28925
2013-03-10,3.45,1.23,41414
2013-02-16,10.13,3.7,36273
2013-07-07,27.28,14.99,59144
2013-08-09,23.85,15.68,53919
2013-05-20,16.87,11.38,57071
2013-07-04,22.89,12.48,59398
2013-03-11,1.22,-1.57,41652
2013-03-30,4.87,0.94,46179
2013-04-16,16.55,9.63,50151
2013-11-25,7.29,4.54,30288
2013-03-18,7.35,-0.22,43322
2013-03-24,1.53,-0.32,44753
2013-05-09,14.28,7.28,55091
2013-03-06,13.14,7.65,40463
2013-07-16,29.2,17.03,58115
2013-02-11,1.88,0.55,35158
2013-03-28,4.08,-0.89,45705
2013-06-19,25.56,15.81,59894
2013-04-08,9.99,3.47,48300
2013-12-23,11.95,5.14,28174
2013-05-07,19.82,8.63,54696
2013-08-03,23.17,15.36,55112
2013-04-23,20.25,10.02,51729
2013-07-19,27.27,15.62,57691
2013-03-31,4.96,-1.54,46416
2013-02-17,9.49,2.16,36499
2013-11-30,8.38,3.53,29595
2013-01-22,2.82,-3.73,31171
2013-09-26,18.88,13.12,43042
2013-11-02,15.08,10.27,34577
2013-04-12,11.51,7.09,49230
2013-12-08,11.24,5.09,28745
2013-11-28,9.9,8.08,29859
2013-11-04,9.98,4.78,34153
2013-03-04,8.99,2.14,39990
2013-12-31,10.36,5.77,28462
2013-11-03,11.43,7.56,34364
2013-01-08,11.23,9.02,29172
2013-05-29,12.79,8.38,58382
2013-02-14,10.59,4.07,35823
2013-08-13,19.8,11.46,53086
2013-07-15,29.3,17.96,58248
2013-12-11,6.4,2.06,28519
2013-01-07,9.08,7.1,29066
2013-09-01,21.07,10.17,48875
2013-06-01,17.34,10.77,58741
2013-05-19,17.85,8.91,56906
2013-09-27,16.99,10.58,42808
2013-04-10,10.59,2.98,48766
2013-02-25,4.39,1.74,38344
2013-06-07,19.64,10.02,59325
2013-08-10,21.73,14.1,53713
2013-01-17,2.88,-3.86,30358
2013-03-20,5.87,2.37,43799
2013-09-29,17.36,13.44,42338
2013-12-02,9.42,6.59,29352
2013-09-15,15.36,6.72,45625
2013-09-10,16.65,9.38,46794
2013-02-06,6.16,2.86,34079
2013-11-29,10.18,6.56,29725
2013-11-21,7.91,3.12,30919
2013-08-12,20.39,13.57,53296
2013-12-24,11.93,5.43,28188
2013-01-16,-0.06,-2.32,30208
2013-07-13,29.16,15.01,58500
2013-11-17,9.57,8.28,31607
2013-05-03,19.71,4.48,53882
2013-08-25,22.74,13.18,50464
2013-03-27,3.82,-0.29,45468
2013-06-14,18.81,9.13,59759
2013-04-13,11.42,4.92,49461
2013-08-15,23.46,16.64,52661
2013-07-25,25.13,16.63,56744
2013-01-31,9.94,7.12,32846
2013-03-23,3.06,0.92,44515
2013-11-24,8.02,5.06,30440
2013-10-16,14.87,6.76,38371
2013-11-07,14.7,7.37,33532
2013-10-18,17.16,10.5,37911
2013-07-30,20.91,15.64,55864
2013-01-28,10.54,3.02,32261
2013-12-05,10.29,1.08,29023
2013-04-07,10.37,-1.21,48065
2013-05-30,14.69,10.79,58506
2013-07-29,22.36,16.48,56046
2013-04-03,4.09,0.48,47126
2013-07-17,30.28,17.14,57978
2013-08-01,32.4,16.98,55493
2013-02-09,3.68,1.58,34721
2013-01-26,7.56,2.37,31885
2013-12-29,7.56,0.72,28352
2013-08-19,22.02,12.68,51795
2013-07-03,19.69,14.31,59471
2013-02-27,6.11,2.33,38811
2013-03-09,8.01,3.88,41176
2013-07-06,26.47,13.48,59234
2013-12-30,10.22,6.4,28404
2013-03-13,6.42,1.14,42129
2013-12-03,7.22,3.66,29237
2013-06-18,20.33,13.33,59878
2013-01-05,10.66,7.84,28869
2013-06-02,18.83,9.72,58851
2013-09-03,23.92,14.04,48415
2013-09-08,16.86,9.13,47259
2013-08-05,22.72,16.23,54723
2013-02-05,6.44,2.16,33868
2013-08-23,26.03,16.34,50911
2013-03-21,6.27,1.18,44037
2013-10-06,19.19,8.76,40694
2013-11-06,14.87,9.31,33737
2013-04-17,17.95,9.66,50379
2013-01-30,12.56,7.51,32648
2013-12-27,10.99,7.47,28267
2013-01-06,8.61,6.91,28965
2013-11-20,6.38,-1.27,31086
2013-07-28,23.14,15.34,56225
2013-01-25,2.98,-1.19,31701
2013-06-27,19.23,12.2,59795
2013-06-09,14.17,10.29,59477
2013-11-23,7.41,3.41,30596
2013-10-09,16.48,9.04,39994
2013-09-18,15.18,10.77,44922
2013-01-21,1.17,-1.98,31001
2013-10-15,12.58,8.75,38601
2013-07-22,32.16,17.21,57233
2013-05-24,8.21,5.43,57694
2013-12-10,9.03,2.06,28588
2013-10-01,17.28,11.76,41867
2013-11-14,9.62,5.18,32158
2013-06-25,18.76,11.26,59855
2013-02-23,1.74,0.19,37878
2013-09-09,10.63,9.2,47027
2013-12-28,7.81,2.86,28307
2014-01-12,8.91,0.38,29618
2014-01-24,8.01,2.76,31475
2014-01-14,6.82,2.05,29884
2014-02-23,11.94,8.67,37818
2014-01-19,9.37,3.34,30630
2014-01-28,9.12,5.03,32211
2014-03-10,12.4,5.04,41351
2014-02-24,14.23,7.99,38050
2014-02-13,7.37,4.09,35542
2014-03-07,15.97,6.84,40638
2014-03-06,13.38,5.82,40401
2014-02-06,9.81,5.86,34024
2014-02-11,7.51,2.77,35102
2014-01-29,5.46,3.72,32403
2014-03-02,10.05,2.54,39455
2014-01-22,10.02,6.12,31126
2014-03-26,8.48,2.51,45168
2014-01-31,8.83,1.97,32795
2014-02-16,9.98,2.34,36214
2014-01-16,10.72,7.27,30170
2014-02-22,11.63,4.72,37586
2014-01-27,7.95,2.56,32023
2014-02-01,9.72,4.83,32994
2014-03-17,13.57,6.41,43021
2014-03-14,16.38,4.22,42305
2014-03-18,13.13,7.66,43260
2014-02-19,10.13,5.19,36896
2014-03-08,15.92,7.91,40876
2014-02-05,9.64,5.54,33814
2014-02-09,8.18,4.78,34666
2014-01-05,11.96,1.72,28845
2014-02-10,8.78,4.08,34882
2014-01-08,11.62,7.37,29144
2014-01-17,8.47,6.43,30319
2014-01-13,9.72,5.42,29748
2014-01-15,11.19,6.41,30024
2014-02-14,12.02,3.47,35765
2014-03-25,8.86,5.66,44930
2014-03-30,19.82,8.53,46117
2014-03-04,9.7,1.4,39928
2014-03-21,12.12,6.93,43976
2014-03-19,15.08,7.48,43499
2014-01-25,11.77,5.68,31654
2014-01-02,10.75,6.54,28597
2014-03-03,8.08,3.18,39692
2014-01-06,12.57,9.34,28939
2014-02-18,10.13,5.85,36668
2014-03-01,9.21,3.05,39220
2014-02-04,8.88,4.22,33605
2014-03-16,18.76,7.14,42782
2014-01-23,8.44,3.35,31299
2014-03-12,15.37,3.73,41829
2014-03-31,16.37,10.98,46355
2014-02-20,12.5,6.34,37125
2014-01-01,11.34,6.59,28527
2014-01-03,10.49,7.01,28674
2014-03-20,13.36,7.35,43738
2014-01-09,12.01,4.86,29255
2014-03-22,10.68,4.39,44215
2014-02-08,9.13,6.81,34450
2014-02-07,9.81,4.13,34236
2014-03-13,17.11,3.94,42067
2014-01-11,8.59,1.02,29492
2014-01-21,7.66,1.97,30957
2014-01-18,9.99,7.58,30472
2014-01-04,9.58,4.06,28756
2014-03-23,10.08,2.48,44453
2014-02-25,11.43,6.79,38283
2014-02-03,7.99,4.97,33400
2014-02-28,7.35,3.43,38985
2014-02-21,10.15,3.59,37356
2014-01-07,11.38,8.98,29039
2014-03-15,18.08,7.72,42544
2014-02-26,11.29,4.17,38517
2014-01-20,8.44,1.3,30791
2014-03-29,18.47,7.83,45881
2014-03-11,11.92,6.19,41590
2014-02-02,9.3,5.79,33196
2014-01-10,10.14,2.68,29370
2014-03-05,12.76,1.33,40164
2014-02-17,10.67,4.89,36441
2014-01-30,5.94,3.0,32597
2014-03-27,10.04,2.71,45406
2014-03-24,10.2,0.12,44691
2014-03-28,12.43,3.85,45643
2014-01-26,9.03,3.26,31837
2014-02-27,10.31,3.93,38750
2014-03-09,18.97,7.65,41114
2014-02-12,8.83,3.03,35321
2014-02-15,9.9,5.38,35989
